Restaurant Name,Cuisine,Location,Rating,Price Range,Delivery Available,Meals Available,Address,Contact
Taco Fiesta,Italian,Chicago,2,$$,No,Lunch,"USCGC Casey
FPO AP 32584",001-492-466-7363x17673
Café Mocha,French,New York,1,$$,No,Lunch,"7310 Brian Parkways Suite 902
Port Joshuamouth, MD 65187",001-619-554-7672x064
Café Mocha,Italian,Boston,5,$$$,No,Dinner,"549 Kathryn Lights Apt. 543
New Elizabethstad, VT 92154",(874)321-5045x3380
Green Bowl,Japanese,Chicago,5,$$$$,No,Brunch,"PSC 5703, Box 1310
APO AP 67472",+1-750-335-8217x7496
Sushi World,Japanese,Seattle,5,$$$$,Yes,Lunch,"USNS Booth
FPO AA 99078",880.581.0493x332
Café Mocha,Indian,Chicago,2,$$$,No,Breakfast,"6071 Jon Gardens
Marcfort, ID 17763",(692)549-6810x05831
Sushi World,Japanese,Washington,1,$$,Yes,Dinner,"28794 Smith Islands Apt. 801
Farmermouth, SC 22592",+1-757-297-9252x7239
Flavors of China,Mediterranean,Dallas,2,$$$$,No,Brunch,"521 Navarro Highway
Beckerchester, ID 53055",001-351-758-8915
Green Bowl,American,Houston,4,$$$,Yes,Breakfast,"532 Marshall Brooks
Lake Feliciaborough, MP 53085",001-463-443-5504x38893
Flavors of China,Mediterranean,Los Angeles,3,$$$,No,Dinner,"360 Lisa Row
Gilbertchester, MP 03789",+1-349-529-8289x507
Café Mocha,Indian,Los Angeles,5,$$,Yes,Breakfast,"170 Weaver Hills
New Andreaburgh, VA 90116",(489)361-6875x576
Urban Grill,Chinese,San Francisco,1,$$$$,No,Brunch,"Unit 8703 Box 9371
DPO AE 45550",537.735.8815x824
Urban Grill,Chinese,Seattle,2,$,Yes,Breakfast,"2881 Moss Oval
Port John, VA 85918",909-855-4873
Taco Fiesta,Indian,Dallas,4,$$$,Yes,Breakfast,"9177 Mitchell Passage
Lake Brent, FM 68235",278-373-3027x21309
Flavors of China,Chinese,Houston,2,$$$$,Yes,Brunch,"206 Christina Oval
North Deborahmouth, MH 36455",485.828.2806
Sushi World,Italian,Dallas,5,$,No,Brunch,"5841 Andrew Coves Apt. 634
Thomasview, WV 51303",(514)534-5497
Spice Paradise,Thai,Houston,3,$$,No,Lunch,"91759 Joshua Islands
New Carolburgh, MO 98981",001-670-386-9779x972
Spice Paradise,Thai,Washington,5,$,Yes,Lunch,"5844 Dawn Field Apt. 750
New Travismouth, VI 33340",200.957.4057
Urban Grill,Thai,San Francisco,2,$$,No,Dinner,"3398 Michele Common
North Jennifer, WY 66089",(319)948-5056
Urban Grill,Mediterranean,Chicago,3,$,Yes,Brunch,"106 Kevin Lock Apt. 500
West Leonard, AL 34208",253.327.9270x8377
Café Mocha,Thai,Chicago,1,$$,No,Lunch,"5552 Haley Rest Apt. 601
Ochoaview, AK 25751",(471)916-4978
Sushi World,Mediterranean,Boston,1,$,No,Lunch,"372 Roy Bypass Suite 192
South Rubentown, OK 67877",(703)833-7192x148
Green Bowl,Indian,Seattle,3,$$,Yes,Lunch,"Unit 1517 Box 4337
DPO AP 24537",001-877-556-6807
Sushi World,Indian,Los Angeles,3,$,No,Lunch,"6755 Aimee Estate Apt. 752
New Andrew, WA 04043",799.274.1958x054
The Royal Bistro,French,Washington,4,$$$,Yes,Breakfast,"6032 Wagner Village Suite 945
Justinville, WV 77209",5595316357
Pizza Plaza,Mexican,New York,1,$$$,No,Dinner,"58184 Trujillo Streets Apt. 562
Jacksonburgh, AK 97415",001-747-570-7160x2548
Urban Grill,French,Seattle,5,$$,No,Brunch,"969 Stephen Lights Suite 013
Lake Scott, ID 12705",648.640.4846x0840
Pizza Plaza,Japanese,Washington,5,$,No,Dinner,"99971 Lauren Court Apt. 461
Erikaberg, TN 77370",(239)473-7667x051
Urban Grill,Greek,New York,4,$$$$,Yes,Brunch,"8024 Smith Ferry
Youngmouth, WV 58035",+1-776-868-2638x2121
Urban Grill,Greek,Miami,1,$$,No,Breakfast,"4460 Martin Run
Mirandaport, ID 38446",461.610.7118x9942
Taste of India,Thai,Miami,5,$,No,Lunch,"3922 Jason Prairie
South Courtney, MD 28810",001-901-325-5698x137
Flavors of China,Indian,New York,4,$$$,No,Dinner,"USNS Davidson
FPO AE 45795",+1-915-320-3138x9703
Flavors of China,American,Houston,3,$$$$,Yes,Brunch,"803 Frye Turnpike
Kristinaburgh, KS 11053",226-560-1288x681
Taco Fiesta,Mexican,Chicago,1,$$$,Yes,Breakfast,"USS Lindsey
FPO AA 61882",568-894-6436x1002
Flavors of China,Japanese,Miami,3,$$$,Yes,Breakfast,"56384 Dawn Row Suite 978
South Trevor, MT 22200",487.951.0068x9363
Green Bowl,Thai,Los Angeles,1,$$$$,No,Brunch,"6915 Bryant Garden
New Ryan, HI 96970",001-463-228-1260
Café Mocha,Mediterranean,Washington,5,$$,Yes,Brunch,"8032 Joshua Grove Apt. 920
Lake Joshua, AZ 09109",+1-291-464-0215x39279
Spice Paradise,Chinese,Chicago,3,$$$$,Yes,Breakfast,"989 Vaughn Villages
Johnville, MN 76587",922.961.3516x003
Taco Fiesta,Italian,Miami,3,$$$,Yes,Dinner,"Unit 7845 Box 7881
DPO AA 11494",+1-661-530-2126x091
Urban Grill,American,Boston,3,$,Yes,Brunch,"058 White Gateway Apt. 344
Lake Jamesborough, NM 28542",664.604.7547x807
Green Bowl,Mediterranean,Los Angeles,4,$$$$,Yes,Dinner,"USNS Joseph
FPO AA 31072",965-318-5117x8051
Pizza Plaza,Italian,Boston,3,$$$,Yes,Breakfast,"899 Diana Prairie Apt. 030
Johntown, VA 16698",(912)786-7369x119
Urban Grill,American,Houston,1,$$$,No,Lunch,"21036 Martinez Row
North Nicholaston, DC 04550",926.628.9068x0473
Taste of India,French,Houston,4,$$,Yes,Brunch,"4516 Bowers Course
Port Rebecca, NV 58896",773-490-7459x38217
Taco Fiesta,Chinese,Washington,2,$,No,Breakfast,"519 Kaylee Expressway
North Davidland, VI 89657",689.612.0102x6082
Taco Fiesta,Japanese,Dallas,2,$$,No,Brunch,"462 Thomas Ville
Goodmantown, PR 02131",4383527917
Green Bowl,Mediterranean,Boston,5,$,No,Lunch,"86070 Mendez Turnpike Suite 930
Watsonton, ND 91092",645.918.9824x769
Spice Paradise,Thai,Houston,5,$$$$,Yes,Brunch,"15411 Tyler Turnpike
Port Claudia, GA 31123",6532691266
Pizza Plaza,French,Boston,3,$$$$,No,Breakfast,"Unit 2718 Box 4215
DPO AP 58196",+1-342-820-3260
Café Mocha,Greek,San Francisco,2,$$$$,Yes,Lunch,"36706 Gutierrez Lodge Apt. 713
Kevintown, IA 45710",(997)646-8451x0163
Pizza Plaza,Greek,New York,2,$$$,Yes,Lunch,"45997 Lee Prairie Apt. 630
South Collinborough, IN 98701",7878125636
Flavors of China,Thai,Seattle,2,$,No,Brunch,"Unit 4847 Box 4885
DPO AE 07081",(260)382-8430
Flavors of China,Mediterranean,Washington,5,$$$,Yes,Lunch,"627 Spence Crescent
Davidtown, AL 56850",001-558-658-1024x02948
Pizza Plaza,Italian,Houston,2,$$$,No,Breakfast,"7671 Johnson Rapid
Port Jennifer, NM 30001",001-966-225-6234x825
Taste of India,Thai,Seattle,1,$$$$,Yes,Brunch,"91482 Parks Brook
Oliverside, MN 88561",432.484.4046x1288
Sushi World,Thai,Seattle,3,$$,No,Lunch,"64697 Shirley Lodge
New Christopher, WA 83669",+1-919-381-3353x50986
Spice Paradise,Chinese,Dallas,4,$$,No,Lunch,"298 Rowland Squares
South Samuelhaven, ID 62019",279.729.7749x8685
The Royal Bistro,Mexican,San Francisco,4,$$$,Yes,Breakfast,"911 Solis Radial Suite 531
East Cynthiamouth, TN 58721",256-345-1077x9223
Spice Paradise,Chinese,Chicago,5,$$,No,Brunch,"6653 Rebecca Field
Jonesstad, HI 30035",927.644.4336
Café Mocha,Mexican,Chicago,1,$$,No,Brunch,"521 Victoria Via Suite 272
New Timothyshire, MN 96473",+1-753-751-0866x21818
Taco Fiesta,Indian,Dallas,2,$,Yes,Brunch,"28390 Kyle Dale
Amandaburgh, NH 54482",629.672.3495
Taste of India,Thai,Washington,2,$,No,Dinner,"80120 Tammy Crescent
Salinaschester, IA 42805",481-833-5337x526
Taste of India,Japanese,San Francisco,4,$$$,No,Lunch,"PSC 4340, Box 2214
APO AA 81391",001-804-727-9937x17991
Taste of India,Japanese,New York,5,$$$$,Yes,Brunch,"38220 Melanie Skyway
North William, TN 59021",932-826-1739x4859
Taco Fiesta,Italian,Los Angeles,3,$$$,Yes,Lunch,"PSC 6715, Box 3199
APO AE 80822",816.741.6430x316
Spice Paradise,French,San Francisco,3,$$$$,No,Brunch,"5636 Jasmine Rapid Apt. 131
Barbarastad, AS 83487",253-231-7313x81007
Flavors of China,Mexican,Chicago,1,$$,No,Breakfast,"227 Levy Grove Apt. 686
North Jillianhaven, ID 95304",+1-827-380-9867x20509
Sushi World,American,Houston,5,$$$,Yes,Breakfast,"36139 Tammy Tunnel Apt. 914
North Beth, WI 05968",425.978.9532x53100
The Royal Bistro,Chinese,New York,5,$$$,Yes,Lunch,"Unit 9351 Box 8351
DPO AP 89353",545-853-7726x45152
Taco Fiesta,American,Seattle,2,$$$$,No,Brunch,"3750 Thompson Stream Apt. 996
Rogershaven, MT 81007",(685)323-2736
Spice Paradise,Thai,Houston,2,$$$,Yes,Dinner,"84046 Jennifer Summit Apt. 714
East Cristianburgh, MS 72905",418-703-9134x991
Flavors of China,Indian,Chicago,2,$,No,Dinner,"83692 Jeremiah Points
East Lynnmouth, NY 71729",202.463.3339
Green Bowl,Mexican,Chicago,3,$$$,No,Dinner,"26058 Mark Courts
Julianmouth, MS 70451",215.351.1590
Urban Grill,Indian,Washington,4,$$$$,No,Lunch,"063 William Lane
Peggyhaven, MS 16680",(483)202-8965x1189
Spice Paradise,Greek,New York,4,$$,Yes,Lunch,"29562 David Point Suite 499
Jasontown, AZ 12966",(816)439-4154
Green Bowl,Chinese,Seattle,5,$$,No,Brunch,"4323 Williams Groves
Port Eric, PA 20703",(518)434-7754x80567
Café Mocha,Thai,Washington,4,$$$$,Yes,Brunch,"55023 Kimberly Cove Suite 329
New Amanda, PR 31681",860-901-6860x3252
Pizza Plaza,Japanese,San Francisco,1,$$$$,Yes,Breakfast,"734 Young Oval Suite 598
Nealbury, TX 67785",+1-981-589-9532
Green Bowl,French,Miami,1,$$$,No,Brunch,"247 Nathan Square Apt. 582
Rebeccaborough, VT 47627",577-822-6850x700
Green Bowl,American,Boston,1,$$$,Yes,Breakfast,"8368 Keith Gateway
Theresamouth, FM 23251",(816)300-8888
Spice Paradise,Mexican,Boston,2,$,Yes,Brunch,"7433 Morris Oval
North Valerieville, AZ 85994",001-939-497-7386x824
Pizza Plaza,French,Chicago,1,$$$,No,Dinner,"19689 Brewer Place Apt. 208
Jenniferberg, AS 25751",(714)670-9754x86646
Spice Paradise,Thai,Los Angeles,5,$$$,Yes,Dinner,"386 Brandon Walk Suite 140
Davisberg, KY 14435",(593)745-8635x71530
Sushi World,Italian,New York,4,$$$,Yes,Breakfast,"7527 Johnson Springs Apt. 175
Jonesstad, GU 51448",654-875-9590x9905
Taco Fiesta,Greek,Miami,4,$$$$,Yes,Lunch,"9884 Jason Canyon Suite 641
Kennethland, IN 43757",7473780958
Café Mocha,American,Chicago,5,$,No,Breakfast,"USCGC Lam
FPO AA 54050",699.657.5562x811
Café Mocha,French,Washington,4,$$$,Yes,Breakfast,"817 Bird Drives
West Kenneth, NH 29493",001-882-438-6295x9240
Green Bowl,American,Seattle,5,$$$,Yes,Lunch,"0223 Robin Flat
East Erinstad, MA 59264",(426)770-8887
Green Bowl,French,Chicago,3,$$$$,No,Breakfast,"6470 Miller Springs
West Katherinefurt, IN 55782",001-411-212-3014x0540
Urban Grill,Greek,Dallas,4,$$$$,No,Brunch,"93085 Hill Forest Apt. 080
Deniseview, FL 71055",262.521.7558x32343
Flavors of China,Thai,Dallas,4,$$,Yes,Breakfast,"478 Susan Summit
Lake Kathrynhaven, SD 22547",926-542-5955x661
Urban Grill,Italian,Dallas,2,$,Yes,Dinner,"Unit 4953 Box 8887
DPO AP 38002",553-792-9247x6044
Taste of India,Mediterranean,Houston,3,$$$,Yes,Lunch,"767 Rice Hills Suite 350
West Michellebury, NY 52205",583-833-8437x6207
Flavors of China,Greek,Los Angeles,2,$$,Yes,Lunch,"9693 Wilson Knolls
West Charles, DC 16267",295-432-5410x46347
Café Mocha,Mexican,Los Angeles,2,$,Yes,Breakfast,"00186 Laura Landing
Port Shawn, VT 32830",(399)905-3578
Spice Paradise,Mediterranean,Boston,5,$,No,Dinner,"56271 Myers Knoll
West Melissaport, GU 37135",+1-839-327-2338x70182
Café Mocha,Italian,New York,1,$$$$,Yes,Lunch,"8047 Briggs Pine Suite 168
Ramirezbury, OK 47149",429.245.0280x3536
Spice Paradise,Thai,Boston,4,$,No,Brunch,"USNS Williams
FPO AE 90732",990.603.7658x82097
Flavors of China,Greek,New York,1,$$$$,No,Brunch,"846 Natalie Mountains
West Shaneville, SC 99169",205-898-4867
Urban Grill,Greek,Miami,1,$$$$,No,Breakfast,"09278 Susan Road
Dannyland, VT 56959",397.724.2925x34933
Spice Paradise,American,Chicago,3,$$,No,Dinner,"83738 Gordon Islands
Masonchester, UT 46049",+1-377-593-2138
Spice Paradise,Japanese,Los Angeles,5,$$$$,No,Lunch,"916 Mason Fords
Perryberg, MN 63767",717.311.1747
Taco Fiesta,Chinese,Miami,2,$$,Yes,Brunch,"5283 Paul Cove
Lake Joanna, VT 09846",411.262.0274x936
Green Bowl,Italian,Washington,2,$$$,No,Lunch,"477 Tina Coves
West Maryborough, NJ 97991",001-761-289-4250x644
Taste of India,Thai,Washington,4,$$,Yes,Breakfast,"USCGC Wood
FPO AP 53834",+1-395-799-9015
The Royal Bistro,Italian,Washington,1,$$$,Yes,Breakfast,"4771 Taylor Highway
South Rossstad, WY 59628",001-558-750-5299x8095
Sushi World,American,San Francisco,3,$$$$,Yes,Breakfast,"83284 Jessica Circles Apt. 711
North Aaronchester, PW 07759",(637)941-8558x41992
Sushi World,Mediterranean,Dallas,2,$$,Yes,Brunch,"8696 William Bridge
Padillastad, IN 70546",763-446-3947x8739
Spice Paradise,Indian,Washington,3,$,No,Breakfast,"219 Kathleen Glen Suite 675
East Daniel, NC 66015",(887)633-1185
The Royal Bistro,Thai,Miami,3,$$$,Yes,Brunch,"043 Gates Trafficway
New Arianashire, MI 58528",794-527-0205x281
Urban Grill,Italian,New York,5,$$$,Yes,Breakfast,"93746 Danielle Circle Apt. 721
Rosefort, AZ 88652",449.563.9434
Urban Grill,Greek,Chicago,2,$,Yes,Breakfast,"000 Smith Mall Suite 868
Adamstown, WI 21160",781.320.6927
Sushi World,Japanese,Chicago,4,$$$$,No,Dinner,"Unit 0040 Box 5478
DPO AA 65970",001-957-545-3929x1843
Pizza Plaza,Mediterranean,Seattle,3,$$$$,No,Dinner,"9959 Robin Neck Apt. 793
North Glen, IN 85801",+1-422-732-8540x070
Flavors of China,Mexican,San Francisco,2,$$$,No,Breakfast,"6655 Kenneth Freeway
Port Josephfurt, MA 44699",830.653.9563x5372
Taste of India,Chinese,Boston,1,$$,No,Brunch,"PSC 9908, Box 0180
APO AA 68085",(524)658-4936
Flavors of China,Indian,Miami,4,$$,Yes,Lunch,"USNS Powell
FPO AP 57703",785.810.1707
Sushi World,Chinese,Chicago,4,$$,No,Breakfast,"343 Scott Highway
Charlesmouth, RI 07906",(844)269-4564x4177
Sushi World,Indian,Boston,3,$$$$,No,Breakfast,"61653 Jennifer Parkway
Port Danielview, ND 41514",6887540618
Taste of India,Thai,Miami,3,$$$,Yes,Dinner,"2151 Valerie Green
Robinton, IL 12135",459.727.2600x2730
Urban Grill,Indian,Seattle,5,$,No,Lunch,"0533 Lauren Club Suite 300
East Meganfurt, MD 10245",+1-791-488-9947
Café Mocha,Greek,Boston,4,$$,No,Lunch,"20128 John Harbors Suite 712
South Hollyfort, TX 33226",(390)781-2866x4714
Pizza Plaza,Indian,San Francisco,1,$$$,Yes,Lunch,"302 Vanessa Dam Suite 972
Port Luis, VI 50711",984-787-5877x6871
Pizza Plaza,Italian,Seattle,2,$$,Yes,Lunch,"930 Carrie Plains Apt. 807
Palmertown, NY 03795",(650)664-4463x351
Taco Fiesta,Greek,Seattle,3,$$$$,No,Lunch,"54958 Roberts Oval Apt. 453
New David, NV 57084",853-813-0178x2867
Pizza Plaza,Indian,San Francisco,3,$$,No,Breakfast,"440 Davidson Land
Dawsonburgh, IL 62084",713-206-5348x566
Taco Fiesta,American,Los Angeles,4,$,No,Dinner,"02936 Rodney Trail
New Clinton, PR 87441",416.284.9332
Taco Fiesta,Thai,Seattle,5,$$$,Yes,Lunch,"331 Steven Corners Suite 136
West Jeanette, MH 70343",902-519-9534
The Royal Bistro,Thai,Los Angeles,3,$$$$,Yes,Lunch,"5543 Hardy Stream
East Kathrynbury, PR 13961",+1-213-633-2311x87114
The Royal Bistro,Indian,New York,3,$$,No,Breakfast,"1267 Carl Estate Apt. 500
Port Travisview, FL 07937",222-333-4010
The Royal Bistro,Mexican,Washington,2,$$$,Yes,Breakfast,"60676 Dakota Walk
Lake Kathrynview, VT 37767",001-699-570-7329
Urban Grill,French,Chicago,2,$$$,No,Lunch,"8307 Michael Camp Suite 577
West Anthonyland, PR 27709",602.383.2151
Café Mocha,Mediterranean,Washington,1,$$,No,Lunch,"1452 Joshua Trafficway
West Matthewview, DC 76973",561-260-6071
Taco Fiesta,Indian,Washington,5,$$$$,Yes,Brunch,"6253 John Fords Suite 806
Hallport, AS 42890",+1-833-896-1987x86720
Green Bowl,Japanese,Chicago,3,$$$,No,Breakfast,"704 Jones Stravenue
East Ryanfurt, TN 93265",001-637-499-4216x57568
The Royal Bistro,Indian,Boston,3,$,No,Breakfast,"8990 Wheeler Crossroad Apt. 996
Guerreroview, DE 58704",(953)829-8740
The Royal Bistro,Japanese,Dallas,3,$$$$,No,Breakfast,"471 William Island
Kaufmanfurt, MI 34291",911-696-6123x704
Urban Grill,Thai,Miami,1,$$,Yes,Dinner,"04532 Elliott Mission Suite 186
Jessicaville, OH 61497",552-908-5705
Café Mocha,Mediterranean,Seattle,3,$,No,Breakfast,"1039 Francisco Branch Suite 292
East Gregoryberg, MT 08072",332-775-4846x553
Sushi World,Chinese,Houston,3,$$,No,Lunch,"6004 Wood Ford Suite 766
Port Douglas, WA 47532",615-596-9634x2951
Sushi World,Chinese,New York,1,$$,No,Lunch,"30404 Peterson Squares
West John, SD 48390",001-265-980-2789x0891
Flavors of China,American,Houston,5,$$$$,No,Dinner,"890 Jessica Island Apt. 961
East Juan, VT 46048",+1-872-934-8937x53870
Café Mocha,Italian,Chicago,2,$$$,Yes,Lunch,"7105 Yvette Parkways
Smithview, ID 34117",979-291-5001x318
The Royal Bistro,Indian,Los Angeles,1,$$$$,Yes,Breakfast,"46477 Morgan Vista Suite 930
Loveberg, UT 11138",001-439-868-5435x37502
The Royal Bistro,Greek,New York,2,$$$$,Yes,Lunch,"2755 Jimenez Isle Apt. 084
East Kimberly, MN 10977",(223)938-0164
Green Bowl,Mediterranean,Boston,5,$$$,No,Dinner,"5710 Lisa Fields Suite 523
East Richardshire, DE 54054",9635754433
Urban Grill,Japanese,Los Angeles,2,$$,No,Breakfast,"12923 Billy Cape Suite 855
Port Shelby, DC 56846",(988)495-4230x9874
Café Mocha,Indian,Washington,3,$$,Yes,Lunch,"446 Gibbs Walks
Maxwellview, OR 54307",(399)431-8648
Café Mocha,Italian,Houston,1,$$$,No,Breakfast,"99428 Breanna Extensions
Kathleenview, MP 69825",(298)696-1630x76077
Sushi World,Thai,Houston,5,$$$,No,Dinner,"47965 Smith Roads
Smithstad, VA 31330",963-988-9668x79139
Flavors of China,American,Miami,5,$,Yes,Breakfast,"01051 Thompson Highway
Lake Yolandashire, WA 14764",541-777-3196x876
Urban Grill,Greek,Dallas,2,$$$,Yes,Dinner,"606 Jonathon Forges Suite 449
West John, MN 32420",614.786.5294
Taste of India,Indian,Washington,2,$$$,No,Breakfast,"USCGC Arellano
FPO AA 34655",(318)891-6061x02086
Pizza Plaza,French,San Francisco,4,$$,Yes,Breakfast,"93566 Nicholas Gateway
Port Martinhaven, TX 74833",(964)479-7810x74511
Green Bowl,Thai,Seattle,3,$$,No,Breakfast,"905 Vanessa Corner Apt. 664
North Laurie, LA 69024",(758)685-0745x5133
Taco Fiesta,Italian,Boston,4,$$$,No,Dinner,"12639 Kennedy Lake
Simpsonburgh, LA 08639",(880)845-2055x4122
Flavors of China,American,Houston,5,$$,No,Dinner,"Unit 4857 Box 1458
DPO AE 93146",(730)416-7639x460
Sushi World,Japanese,Dallas,5,$$$$,Yes,Lunch,"7732 Moran Loop
East John, NY 14915",288-359-5330x882
Urban Grill,Italian,Chicago,2,$$$,No,Lunch,"924 Blair Rue Apt. 783
Carrillomouth, KY 22619",589.856.0783x542
Sushi World,Indian,Houston,3,$$$$,Yes,Brunch,"7089 Vickie Inlet Suite 453
Collinsland, PA 63814",215-252-1964
Urban Grill,Mexican,Seattle,1,$$,No,Dinner,"USNS Huerta
FPO AE 56676",001-978-902-7408x7597
Spice Paradise,Chinese,San Francisco,2,$$,No,Lunch,"16047 Chase Court
Kirbybury, IA 20219",887.626.4672x872
Flavors of China,Greek,Los Angeles,5,$$$$,No,Dinner,"4277 Connie Ramp
Loriview, DC 89812",813.232.8085
Spice Paradise,Japanese,New York,2,$$$$,No,Brunch,"0780 Nichols Land
Port Gregoryside, PR 42908",+1-735-860-2161x32157
Sushi World,Chinese,San Francisco,5,$$$$,Yes,Brunch,"49906 Shaw Track Suite 136
South Bobby, VA 70323",+1-697-212-9209
The Royal Bistro,Japanese,San Francisco,1,$,Yes,Brunch,"587 Carroll Branch Suite 421
Charleston, OK 47040",001-405-560-3343x367
The Royal Bistro,Italian,Seattle,4,$$,Yes,Brunch,"26455 Fuentes Grove
East Jenniferberg, WI 34099",+1-553-765-8931x264
Taste of India,Greek,Los Angeles,5,$$$,Yes,Brunch,"70130 Mcgee Grove Apt. 315
North Jessicamouth, NM 98094",(385)638-5876
Urban Grill,American,Chicago,3,$,Yes,Dinner,"898 Rodriguez Roads Apt. 435
West Rodneyshire, GA 03522",001-905-419-3781x252
Spice Paradise,Italian,Chicago,4,$$$$,No,Breakfast,"76850 Bennett Ports
South Geraldmouth, WY 19701",944-562-8665
Green Bowl,Greek,San Francisco,4,$,No,Breakfast,"12226 Smith Underpass
East Adrianbury, MS 56313",(490)209-5448x198
Pizza Plaza,Chinese,Washington,3,$,Yes,Lunch,"1622 Seth Groves
Lisaburgh, VT 51268",805.581.4636
Taste of India,Mediterranean,San Francisco,2,$$$$,No,Lunch,"83367 Jessica Ports
Russellborough, FM 45013",+1-698-619-2218
Taco Fiesta,Indian,Miami,2,$$$,Yes,Brunch,"341 Victoria Shores
Joannafurt, IN 40650",001-951-476-0582x3062
Urban Grill,American,New York,3,$$$,No,Dinner,"5226 Medina Harbors Suite 341
East Lori, AL 57740",4365842194
Flavors of China,Japanese,San Francisco,5,$,Yes,Breakfast,"USNS Johnson
FPO AP 09322",(748)994-7218
Taste of India,Thai,Los Angeles,1,$$,No,Dinner,"499 Harrington Expressway Suite 805
Coleborough, NE 04425",326.207.8949
Café Mocha,French,Dallas,1,$$$$,No,Lunch,"436 Harris Run Suite 384
Huffville, KY 03036",(770)952-1111x3999
Taco Fiesta,French,Los Angeles,5,$$$,Yes,Breakfast,"37197 Rhonda Ways
Port Jacktown, SC 41240",671.635.9306x3654
Urban Grill,Japanese,Seattle,5,$$$$,No,Breakfast,"01485 Rivera Drives
Kathleenland, ND 61121",001-837-211-6961x61128
Taco Fiesta,Thai,New York,1,$$$$,No,Breakfast,"453 Kimberly Mission
North Carlos, DE 21208",(483)213-9462x603
Taco Fiesta,American,Boston,2,$$,No,Brunch,"5290 Robbins Manors Apt. 014
Joelshire, PR 17973",318.573.2914x5972
Urban Grill,French,Boston,1,$$,Yes,Brunch,"12699 Smith Lights Apt. 615
Genechester, NM 05304",001-669-970-4799x0568
The Royal Bistro,Mediterranean,Dallas,4,$,No,Dinner,"029 Silva Isle Suite 317
West Andrew, AK 33472",481-983-3635
Taste of India,Japanese,Los Angeles,4,$$$,No,Brunch,"6213 Hopkins Villages Apt. 291
Bassstad, VT 74188",+1-845-346-6788x4027
Flavors of China,Chinese,Miami,3,$,Yes,Dinner,"03481 Monica Glen
Port Nathanielhaven, AK 06337",+1-740-329-8316x529
Flavors of China,Indian,Miami,1,$$$,Yes,Brunch,"2940 Samantha Village Apt. 446
South Jennifer, DC 33750",(932)646-7251x100
Taste of India,Italian,San Francisco,2,$,Yes,Breakfast,"01819 Paul Estates Apt. 307
Anthonyside, MT 86712",321.675.8437
Taste of India,Japanese,Dallas,4,$$$,Yes,Breakfast,"92102 Kiara Keys
South Scott, MS 85933",307-809-0336
Taste of India,French,Dallas,3,$,No,Breakfast,"Unit 5643 Box 1638
DPO AE 74722",+1-366-790-0498x085
Pizza Plaza,Mediterranean,San Francisco,1,$$$$,Yes,Breakfast,"7605 David Street
South Brianchester, PA 43215",675.430.3100
Taco Fiesta,Thai,Miami,1,$$,Yes,Dinner,"0208 Beth Curve
Lake Joseph, DC 16812",(236)472-7481x7620
Taco Fiesta,Chinese,Seattle,1,$,Yes,Breakfast,"91874 Rogers Center
Garciamouth, HI 85949",+1-733-850-4044
Flavors of China,Indian,Dallas,3,$$$,No,Dinner,"USNS Smith
FPO AE 06290",(597)241-3127
Taco Fiesta,Thai,Los Angeles,3,$$$$,Yes,Lunch,"Unit 3141 Box 5756
DPO AA 36563",410.613.2210x40017
Café Mocha,Indian,Los Angeles,2,$$$,No,Breakfast,"Unit 8800 Box 8033
DPO AP 17665",833-276-8981x398
Pizza Plaza,American,Los Angeles,5,$$$,Yes,Lunch,"983 Nguyen Turnpike
Austinfurt, TN 57203",001-676-467-2271x518
Sushi World,Indian,Los Angeles,3,$,Yes,Lunch,"51088 Francis Court Apt. 808
Staceyborough, VT 70960",302.347.2337x611
The Royal Bistro,Japanese,San Francisco,2,$$,Yes,Dinner,"88508 Linda Plains
Samanthastad, CO 83249",906.766.4687
Sushi World,Japanese,Dallas,4,$$,No,Dinner,"726 Morris Ramp
Wayneport, MD 10427",6423162168
Sushi World,Mexican,Chicago,3,$$,Yes,Lunch,"9234 Matthew Fords Apt. 958
East Teresaview, MA 11042",(467)462-2212
The Royal Bistro,Mediterranean,Houston,3,$$$,Yes,Breakfast,"08827 Crystal Keys
Changtown, AK 24905",(867)204-0208
Flavors of China,Italian,Dallas,1,$,No,Brunch,"72351 Anderson Ville
West Susanton, LA 04012",(256)528-3983x299
The Royal Bistro,Mediterranean,Houston,3,$$$$,No,Breakfast,"392 Jensen Rapid
New Diane, MT 55988",+1-630-518-6213x817
Taste of India,French,Dallas,3,$,No,Dinner,"48562 Elliott Orchard Suite 990
North Angelastad, GA 14693",810-806-0582
Urban Grill,Mediterranean,San Francisco,1,$,Yes,Brunch,"Unit 1887 Box 7249
DPO AA 29590",8186947758
Green Bowl,Greek,Dallas,5,$,No,Brunch,"7259 Molina View
West Amber, OR 11810",+1-937-751-9327x017
The Royal Bistro,Chinese,New York,5,$$$,No,Lunch,"PSC 3646, Box 4808
APO AA 86859",+1-317-942-6424x860
Taste of India,American,Washington,2,$$,No,Brunch,"5228 Krause Streets Apt. 800
Ruizton, IL 70571",7817807824
Spice Paradise,Mediterranean,Chicago,3,$,Yes,Lunch,"3710 Jacob Mountains Suite 134
West Amanda, OR 79504",(597)534-1151x6117
Green Bowl,Italian,Seattle,3,$,Yes,Dinner,"9063 King Fort Apt. 536
Amandaside, AZ 42924",551-367-8187
Spice Paradise,Chinese,San Francisco,1,$,Yes,Dinner,"7922 Alexander Lane
Moranburgh, MA 55450",805-971-6867
Café Mocha,Chinese,New York,4,$$$,No,Brunch,"3656 Caleb Greens Suite 117
Levibury, MO 53320",001-651-752-7656x997
Green Bowl,French,Boston,4,$$$$,Yes,Lunch,"280 Morrison Prairie
Taylorview, NM 33650",827-680-6138x3621
Green Bowl,Italian,Chicago,5,$,No,Breakfast,"14032 Reyes Track Suite 541
Port Briannaborough, MI 34348",001-807-440-0020
Flavors of China,French,Chicago,3,$$$$,No,Dinner,"88908 Friedman Manor
Lake John, GA 38320",(801)913-8591x68329
Pizza Plaza,Italian,Los Angeles,5,$$$$,Yes,Lunch,"77333 Timothy Spring Apt. 927
Myersshire, OR 15710",615.595.6727x260
Sushi World,Italian,Los Angeles,3,$$,No,Dinner,"155 Lopez Island
Lake Gary, AK 07288",988-559-0799x578
Pizza Plaza,Mediterranean,Miami,4,$$,No,Breakfast,"PSC 1560, Box 5616
APO AA 85638",+1-391-746-0838x568
The Royal Bistro,American,Dallas,2,$$,No,Brunch,"9188 Hughes Locks
Michaelton, MP 97320",+1-420-671-6446
Taco Fiesta,Chinese,Miami,1,$$,No,Lunch,"836 Williams Club Apt. 363
Montoyatown, NE 52990",001-818-739-8599
Urban Grill,Greek,Chicago,4,$$$,No,Lunch,"1603 Angela Mountain Apt. 302
New Kimberly, RI 79068",203-800-5072x87313
Spice Paradise,Japanese,Seattle,2,$$,Yes,Brunch,"68351 John Spur
Samanthastad, PW 21352",001-526-235-9396x5543
Café Mocha,Chinese,Boston,4,$$$,No,Brunch,"86228 Harvey Lane
Rebeccaton, MH 11535",256-709-4927x55865
Sushi World,Thai,New York,4,$$$,Yes,Dinner,"6567 Wilson Fort
North Alexborough, NH 42954",(221)737-5137x2959
Pizza Plaza,Indian,San Francisco,5,$$$$,Yes,Breakfast,"274 Andrew Road Apt. 595
Jonmouth, GU 06066",001-415-540-9537x0256
Taste of India,French,Boston,4,$$$,No,Brunch,"831 Reed Oval Suite 040
New Colleen, AR 97923",(773)858-4762x558
Sushi World,Japanese,Houston,3,$$$,Yes,Breakfast,"19315 French Ridges Suite 735
New Whitneyland, NY 23556",9123350997
Sushi World,Indian,Dallas,5,$,No,Lunch,"05922 Savannah Manors Apt. 417
Matthewhaven, MD 79673",(445)584-8435x35355
Pizza Plaza,Mediterranean,Boston,1,$$,Yes,Dinner,"958 Sarah Roads
Devinberg, RI 15089",(595)704-0247
Spice Paradise,Chinese,Houston,2,$$,No,Lunch,"6754 Baldwin Pike
West Amyview, UT 56929",649.696.4666x4564
Green Bowl,Japanese,Miami,3,$$$$,No,Lunch,"PSC 1871, Box 8056
APO AE 62658",001-921-834-7799
Café Mocha,Japanese,Chicago,3,$$$$,No,Breakfast,"4808 Christine Causeway
Chandlerside, OR 48391",303.657.1250x7932
Pizza Plaza,American,New York,4,$$$$,No,Dinner,"892 Scott Walk
South Bruce, UT 79559",494.722.5391x99785
The Royal Bistro,American,Washington,4,$,No,Brunch,"658 Patricia Flats Apt. 412
Gabrielport, PW 34640",374.867.7544
Urban Grill,Mexican,Chicago,3,$,No,Brunch,"Unit 7440 Box 0838
DPO AP 18827",001-350-962-8101
Flavors of China,Mediterranean,Dallas,4,$$$$,No,Lunch,"737 Pamela Falls Suite 214
Tiffanyberg, AS 38503",476.865.1703x31899
Sushi World,Chinese,New York,1,$$,No,Dinner,"00529 Garcia Highway Apt. 437
North Aliciafort, TX 12804",464-773-9392x80699
Pizza Plaza,Mediterranean,Boston,1,$$$,Yes,Brunch,"95934 Carol Station Suite 324
Lake Michaelstad, NE 18788",+1-872-953-5049
Sushi World,Mediterranean,San Francisco,1,$$$,Yes,Lunch,"1958 Heather Courts
Benjaminborough, AZ 78047",850.560.3888x61387
Green Bowl,Mexican,Miami,1,$$,No,Brunch,"10407 Brewer Drive
East Gina, GA 77634",(646)529-8259x847
Urban Grill,Thai,Chicago,3,$$$,No,Dinner,"46724 Yolanda Canyon Apt. 431
Lake Jenniferside, GA 14588",001-903-628-6002
Taste of India,Italian,Dallas,1,$,No,Lunch,"996 Connie Knoll
New Pedroshire, VA 26564",(838)357-4545x21908
Sushi World,French,Houston,5,$$,Yes,Dinner,"938 Lorraine River
South Andrewport, AL 40776",843.881.0271x0144
Green Bowl,Greek,San Francisco,5,$$$,No,Brunch,"9279 James Pines
Stephanieport, ND 55677",697-696-0443
Taco Fiesta,Mediterranean,Los Angeles,1,$$$$,No,Lunch,"028 Michael Shoals
North Jamesfurt, MT 25605",(909)566-9643x49105
Sushi World,French,Chicago,2,$$,Yes,Breakfast,"7630 Dunn Islands Apt. 612
Mikeview, FM 66192",001-412-886-2462x995
Spice Paradise,Mexican,Dallas,2,$,Yes,Lunch,"6877 Kayla Skyway
Port Gregory, OK 53688",001-479-671-6534x74068
Urban Grill,Mexican,Los Angeles,4,$$,No,Brunch,"PSC 4399, Box 0717
APO AA 04106",328-768-3110x4458
Green Bowl,Mexican,San Francisco,2,$$$,No,Breakfast,"65766 Nicholas Mount Suite 790
West Christophermouth, PR 94053",001-617-717-1962x785
Pizza Plaza,French,New York,5,$,No,Dinner,"USNV Good
FPO AE 89656",001-350-850-4216
Green Bowl,Greek,Houston,4,$$$,Yes,Lunch,"99844 Donald Stream Suite 015
Lake Cristina, HI 32702",001-867-912-2320x4749
Flavors of China,French,Dallas,5,$$$$,No,Brunch,"0112 Jennifer Junction Suite 868
Arnoldbury, NV 40822",676.862.2364x942
Café Mocha,Japanese,Miami,2,$$$$,No,Dinner,"PSC 6170, Box 3838
APO AA 65682",299-741-1515
Green Bowl,Japanese,Boston,1,$,No,Brunch,"544 Ross Grove Apt. 754
Raymondfort, AR 06816",001-767-801-3685x7504
The Royal Bistro,American,San Francisco,4,$$$$,No,Breakfast,"18662 Williams Keys
Williamview, HI 64152",(396)515-7774x01757
Sushi World,Mediterranean,San Francisco,5,$,No,Brunch,"Unit 8167 Box 7128
DPO AA 73830",(679)587-7293x9030
Urban Grill,Chinese,San Francisco,5,$$$$,Yes,Brunch,"950 Oconnell Via Suite 923
Lake Adrianbury, PA 57151",(271)905-7940x4876
Café Mocha,Thai,Los Angeles,4,$$,Yes,Dinner,"4978 Edwin Mill
Lake Katherine, IA 02967",(706)908-6443x8173
Café Mocha,American,San Francisco,5,$$$$,No,Lunch,"4067 Sherry Crossroad Suite 501
Stricklandburgh, IA 12126",001-783-954-4339x011
Sushi World,Chinese,Boston,3,$$$,No,Dinner,"267 Colon View
Hamptonfort, MI 19116",298-303-7317
Café Mocha,Japanese,Miami,4,$,No,Lunch,"Unit 2833 Box 5783
DPO AA 23071",+1-409-818-5680x1602
Pizza Plaza,Japanese,Miami,2,$,Yes,Dinner,"7838 Ian Union
Lake Stephen, NH 49928",524-612-8267
Spice Paradise,Japanese,Boston,1,$,Yes,Lunch,"8326 Knight Freeway Apt. 169
Melissaborough, WV 33603",(282)955-8519x780
The Royal Bistro,American,Boston,2,$$$,No,Brunch,"886 Brenda Corners
South Sara, MH 11695",987.563.2857x0776
Café Mocha,Thai,San Francisco,5,$$$,Yes,Dinner,"55216 Manning Prairie
Lake Sheenamouth, NM 61090",+1-825-577-1423
Spice Paradise,Chinese,Seattle,1,$$,No,Lunch,"3035 Myers Corner
Port Heatherton, MD 19312",604.706.9620x400
Green Bowl,Chinese,Dallas,1,$$,Yes,Lunch,"8114 Kaufman Bypass
Jimmyfort, MP 47343",(920)302-7201
Flavors of China,Japanese,Houston,3,$$,No,Lunch,"Unit 7819 Box 2103
DPO AE 56996",001-472-682-4741x9301
Taco Fiesta,Mexican,Seattle,3,$,No,Dinner,"58937 Danny Plaza Apt. 913
South Monica, AK 68586",4342387841
Taco Fiesta,French,Dallas,4,$$,Yes,Lunch,"040 Smith Run
North Charles, ME 28447",917.380.5751
Spice Paradise,Thai,Dallas,1,$,Yes,Breakfast,"7676 Peterson View
East Davidborough, AK 44048",479.391.0083x67286
Flavors of China,Italian,San Francisco,5,$$$$,No,Brunch,"1267 Troy Shore Apt. 774
East Samantha, NV 57348",001-580-716-6961x1912
Flavors of China,Mexican,Boston,1,$$$$,Yes,Brunch,"Unit 5864 Box 3654
DPO AE 26855",+1-562-642-2769x478
Taco Fiesta,Italian,New York,3,$$$$,Yes,Lunch,"50451 George Ville Suite 779
Lake Zachary, FL 46695",(892)296-6877x2270
The Royal Bistro,Thai,Seattle,5,$$$$,No,Brunch,"PSC 5495, Box 4169
APO AA 97142",654-336-5939x81749
Taco Fiesta,Greek,San Francisco,4,$,Yes,Dinner,"278 French Circle
North Douglas, DE 33547",946-330-5570
Pizza Plaza,American,Miami,5,$,No,Breakfast,"42200 Jennifer Vista Suite 013
Brianbury, PR 26279",861-207-5307
Flavors of China,Greek,Washington,3,$$,Yes,Brunch,"341 Kevin Tunnel Apt. 906
Lorichester, MA 01080",315.361.7930
Sushi World,Greek,Dallas,1,$,No,Breakfast,"PSC 0313, Box 0517
APO AE 97619",365-306-5820
Green Bowl,Chinese,Miami,5,$$,Yes,Lunch,"6725 Tracy Lock Apt. 701
Johnton, UT 93594",+1-226-910-0537
Sushi World,Thai,Boston,3,$$$$,No,Lunch,"4208 James Rapid
Jacquelinemouth, AL 04907",(827)341-6402x919
Café Mocha,Greek,San Francisco,5,$$$,Yes,Brunch,"870 Larson Village Apt. 069
Manningside, DE 27944",001-744-757-8548x463
Pizza Plaza,Italian,San Francisco,4,$$$,No,Breakfast,"68261 Mario Prairie Apt. 682
Bakerside, AL 21738",+1-706-942-6452x7436
Green Bowl,Thai,Dallas,4,$$$,Yes,Breakfast,"96543 Guy Cliffs Suite 157
Port Vanessa, ME 81939",576.601.4923x492
Sushi World,Thai,Dallas,1,$$,No,Lunch,"8258 Black Forges
North Christopherberg, ME 50526",650-643-3833x9413
Flavors of China,Mediterranean,Boston,2,$,Yes,Breakfast,"773 Abigail Burgs
Nicholsmouth, CA 53757",(927)635-2420
Pizza Plaza,Chinese,Miami,5,$$$,Yes,Dinner,"094 Eric Field
Samanthaport, NH 48947",835.461.2120
Café Mocha,American,San Francisco,3,$,No,Lunch,"7255 Silva Grove Suite 129
Lake Edwardton, WA 05571",938.288.6810x2730
Taco Fiesta,Italian,Houston,5,$$,No,Dinner,"60112 Bailey Fords
North Jason, GU 66990",001-790-561-6048x56943
Green Bowl,Italian,Boston,1,$$$,No,Dinner,"Unit 0037 Box 8313
DPO AE 68151",804.825.0850
Urban Grill,French,Los Angeles,4,$,Yes,Breakfast,"04068 Johnson Lights Apt. 835
Kellystad, MO 75441",(814)727-1431x8739
The Royal Bistro,Chinese,Washington,4,$$,Yes,Breakfast,"655 Victoria Brooks Suite 920
North Amandabury, CT 38276",5778989380
Spice Paradise,Greek,Houston,5,$$,No,Breakfast,"02176 Andrews Way Apt. 483
Lake Monica, AS 10948",7553603606
Café Mocha,Italian,Dallas,2,$$$,No,Breakfast,"94123 Anna Summit
Alyssatown, MO 70106",603.865.9094x4436
Flavors of China,Mediterranean,Boston,1,$$,Yes,Dinner,"59671 Thompson Summit Apt. 256
South Heatherborough, WV 97094",960.327.7301
Green Bowl,Thai,Washington,1,$$,Yes,Breakfast,"1036 Koch Plains Suite 665
Port Robert, TX 94852",237.319.2516x8362
The Royal Bistro,American,Miami,5,$,No,Lunch,"920 Dickerson Terrace
Ericchester, PW 99436",(775)701-5070
The Royal Bistro,Indian,New York,4,$$$$,No,Lunch,"PSC 5648, Box 5345
APO AP 98243",(393)323-6495
Taste of India,Mediterranean,Miami,4,$,No,Brunch,"10188 Morris Lake
Erikburgh, NY 63584",+1-310-516-1748x61985
